-- MySQL dump 10.13  Distrib 5.7.40, for Linux (x86_64)
--
-- Host: localhost    Database: queue
-- ------------------------------------------------------
-- Server version	5.7.40-log

/*!40101 SET @OLD_CHARACTER_SET_CLIENT=@@CHARACTER_SET_CLIENT */;
/*!40101 SET @OLD_CHARACTER_SET_RESULTS=@@CHARACTER_SET_RESULTS */;
/*!40101 SET @OLD_COLLATION_CONNECTION=@@COLLATION_CONNECTION */;
/*!40101 SET NAMES utf8mb4 */;
/*!40103 SET @OLD_TIME_ZONE=@@TIME_ZONE */;
/*!40103 SET TIME_ZONE='+00:00' */;
/*!40014 SET @OLD_UNIQUE_CHECKS=@@UNIQUE_CHECKS, UNIQUE_CHECKS=0 */;
/*!40014 SET @OLD_FOREIGN_KEY_CHECKS=@@FOREIGN_KEY_CHECKS, FOREIGN_KEY_CHECKS=0 */;
/*!40101 SET @OLD_SQL_MODE=@@SQL_MODE, SQL_MODE='NO_AUTO_VALUE_ON_ZERO' */;
/*!40111 SET @OLD_SQL_NOTES=@@SQL_NOTES, SQL_NOTES=0 */;

--
-- Table structure for table `fa_admin`
--

DROP TABLE IF EXISTS `fa_admin`;
/*!40101 SET @saved_cs_client     = @@character_set_client */;
/*!40101 SET character_set_client = utf8 */;
CREATE TABLE `fa_admin` (
  `id` int(10) unsigned NOT NULL AUTO_INCREMENT COMMENT 'ID',
  `username` varchar(20) DEFAULT '' COMMENT '用户名',
  `nickname` varchar(50) DEFAULT '' COMMENT '昵称',
  `password` varchar(32) DEFAULT '' COMMENT '密码',
  `salt` varchar(30) DEFAULT '' COMMENT '密码盐',
  `avatar` varchar(255) DEFAULT '' COMMENT '头像',
  `email` varchar(100) DEFAULT '' COMMENT '电子邮箱',
  `mobile` varchar(11) DEFAULT '' COMMENT '手机号码',
  `loginfailure` tinyint(1) unsigned NOT NULL DEFAULT '0' COMMENT '失败次数',
  `logintime` bigint(16) DEFAULT NULL COMMENT '登录时间',
  `loginip` varchar(50) DEFAULT NULL COMMENT '登录IP',
  `createtime` bigint(16) DEFAULT NULL COMMENT '创建时间',
  `updatetime` bigint(16) DEFAULT NULL COMMENT '更新时间',
  `token` varchar(59) DEFAULT '' COMMENT 'Session标识',
  `status` varchar(30) NOT NULL DEFAULT 'normal' COMMENT '状态',
  PRIMARY KEY (`id`) USING BTREE,
  UNIQUE KEY `username` (`username`) USING BTREE
) ENGINE=InnoDB AUTO_INCREMENT=2 DEFAULT CHARSET=utf8mb4 ROW_FORMAT=DYNAMIC COMMENT='管理员表';
/*!40101 SET character_set_client = @saved_cs_client */;

--
-- Dumping data for table `fa_admin`
--

LOCK TABLES `fa_admin` WRITE;
/*!40000 ALTER TABLE `fa_admin` DISABLE KEYS */;
INSERT INTO `fa_admin` VALUES (1,'admin','Admin','8397bfd93f777639ff2b8995e1518fdd','3f8c68','/uploads/20231112/42ba96edd1391596e6556084f270b3de.png','admin@admin.com','',0,1701240638,'192.168.1.7',1491635035,1701240638,'9ddc9ccf-8349-48af-b34d-52f31c6e9593','normal');
/*!40000 ALTER TABLE `fa_admin` ENABLE KEYS */;
UNLOCK TABLES;

--
-- Table structure for table `fa_admin_log`
--

DROP TABLE IF EXISTS `fa_admin_log`;
/*!40101 SET @saved_cs_client     = @@character_set_client */;
/*!40101 SET character_set_client = utf8 */;
CREATE TABLE `fa_admin_log` (
  `id` int(10) unsigned NOT NULL AUTO_INCREMENT COMMENT 'ID',
  `admin_id` int(10) unsigned NOT NULL DEFAULT '0' COMMENT '管理员ID',
  `username` varchar(30) DEFAULT '' COMMENT '管理员名字',
  `url` varchar(1500) DEFAULT '' COMMENT '操作页面',
  `title` varchar(100) DEFAULT '' COMMENT '日志标题',
  `content` longtext NOT NULL COMMENT '内容',
  `ip` varchar(50) DEFAULT '' COMMENT 'IP',
  `useragent` varchar(255) DEFAULT '' COMMENT 'User-Agent',
  `createtime` bigint(16) DEFAULT NULL COMMENT '操作时间',
  PRIMARY KEY (`id`) USING BTREE,
  KEY `name` (`username`) USING BTREE
) ENGINE=InnoDB AUTO_INCREMENT=58 DEFAULT CHARSET=utf8mb4 ROW_FORMAT=DYNAMIC COMMENT='管理员日志表';
/*!40101 SET character_set_client = @saved_cs_client */;

--
-- Dumping data for table `fa_admin_log`
--

LOCK TABLES `fa_admin_log` WRITE;
/*!40000 ALTER TABLE `fa_admin_log` DISABLE KEYS */;
/*!40000 ALTER TABLE `fa_admin_log` ENABLE KEYS */;
UNLOCK TABLES;

--
-- Table structure for table `fa_area`
--

DROP TABLE IF EXISTS `fa_area`;
/*!40101 SET @saved_cs_client     = @@character_set_client */;
/*!40101 SET character_set_client = utf8 */;
CREATE TABLE `fa_area` (
  `id` int(10) NOT NULL AUTO_INCREMENT COMMENT 'ID',
  `pid` int(10) DEFAULT NULL COMMENT '父id',
  `shortname` varchar(100) DEFAULT NULL COMMENT '简称',
  `name` varchar(100) DEFAULT NULL COMMENT '名称',
  `mergename` varchar(255) DEFAULT NULL COMMENT '全称',
  `level` tinyint(4) DEFAULT NULL COMMENT '层级:1=省,2=市,3=区/县',
  `pinyin` varchar(100) DEFAULT NULL COMMENT '拼音',
  `code` varchar(100) DEFAULT NULL COMMENT '长途区号',
  `zip` varchar(100) DEFAULT NULL COMMENT '邮编',
  `first` varchar(50) DEFAULT NULL COMMENT '首字母',
  `lng` varchar(100) DEFAULT NULL COMMENT '经度',
  `lat` varchar(100) DEFAULT NULL COMMENT '纬度',
  PRIMARY KEY (`id`) USING BTREE,
  KEY `pid` (`pid`) USING BTREE
) ENGINE=InnoDB DEFAULT CHARSET=utf8mb4 ROW_FORMAT=DYNAMIC COMMENT='地区表';
/*!40101 SET character_set_client = @saved_cs_client */;

--
-- Dumping data for table `fa_area`
--

LOCK TABLES `fa_area` WRITE;
/*!40000 ALTER TABLE `fa_area` DISABLE KEYS */;
/*!40000 ALTER TABLE `fa_area` ENABLE KEYS */;
UNLOCK TABLES;

--
-- Table structure for table `fa_attachment`
--

DROP TABLE IF EXISTS `fa_attachment`;
/*!40101 SET @saved_cs_client     = @@character_set_client */;
/*!40101 SET character_set_client = utf8 */;
CREATE TABLE `fa_attachment` (
  `id` int(20) unsigned NOT NULL AUTO_INCREMENT COMMENT 'ID',
  `category` varchar(50) DEFAULT '' COMMENT '类别',
  `admin_id` int(10) unsigned NOT NULL DEFAULT '0' COMMENT '管理员ID',
  `user_id` int(10) unsigned NOT NULL DEFAULT '0' COMMENT '会员ID',
  `url` varchar(255) DEFAULT '' COMMENT '物理路径',
  `imagewidth` varchar(30) DEFAULT '' COMMENT '宽度',
  `imageheight` varchar(30) DEFAULT '' COMMENT '高度',
  `imagetype` varchar(30) DEFAULT '' COMMENT '图片类型',
  `imageframes` int(10) unsigned NOT NULL DEFAULT '0' COMMENT '图片帧数',
  `filename` varchar(100) DEFAULT '' COMMENT '文件名称',
  `filesize` int(10) unsigned NOT NULL DEFAULT '0' COMMENT '文件大小',
  `mimetype` varchar(100) DEFAULT '' COMMENT 'mime类型',
  `extparam` varchar(255) DEFAULT '' COMMENT '透传数据',
  `createtime` bigint(16) DEFAULT NULL COMMENT '创建日期',
  `updatetime` bigint(16) DEFAULT NULL COMMENT '更新时间',
  `uploadtime` bigint(16) DEFAULT NULL COMMENT '上传时间',
  `storage` varchar(100) NOT NULL DEFAULT 'local' COMMENT '存储位置',
  `sha1` varchar(40) DEFAULT '' COMMENT '文件 sha1编码',
  PRIMARY KEY (`id`) USING BTREE
) ENGINE=InnoDB AUTO_INCREMENT=13 DEFAULT CHARSET=utf8mb4 ROW_FORMAT=DYNAMIC COMMENT='附件表';
/*!40101 SET character_set_client = @saved_cs_client */;

--
-- Dumping data for table `fa_attachment`
--

LOCK TABLES `fa_attachment` WRITE;
/*!40000 ALTER TABLE `fa_attachment` DISABLE KEYS */;
/*!40000 ALTER TABLE `fa_attachment` ENABLE KEYS */;
UNLOCK TABLES;

--
-- Table structure for table `fa_auth_group`
--

DROP TABLE IF EXISTS `fa_auth_group`;
/*!40101 SET @saved_cs_client     = @@character_set_client */;
/*!40101 SET character_set_client = utf8 */;
CREATE TABLE `fa_auth_group` (
  `id` int(10) unsigned NOT NULL AUTO_INCREMENT,
  `pid` int(10) unsigned NOT NULL DEFAULT '0' COMMENT '父组别',
  `name` varchar(100) DEFAULT '' COMMENT '组名',
  `rules` text NOT NULL COMMENT '规则ID',
  `createtime` bigint(16) DEFAULT NULL COMMENT '创建时间',
  `updatetime` bigint(16) DEFAULT NULL COMMENT '更新时间',
  `status` varchar(30) DEFAULT '' COMMENT '状态',
  PRIMARY KEY (`id`) USING BTREE
) ENGINE=InnoDB AUTO_INCREMENT=6 DEFAULT CHARSET=utf8mb4 ROW_FORMAT=DYNAMIC COMMENT='分组表';
/*!40101 SET character_set_client = @saved_cs_client */;

--
-- Dumping data for table `fa_auth_group`
--

LOCK TABLES `fa_auth_group` WRITE;
/*!40000 ALTER TABLE `fa_auth_group` DISABLE KEYS */;
INSERT INTO `fa_auth_group` VALUES (1,0,'Admin group','*',1491635035,1491635035,'normal'),(2,1,'Second group','13,14,16,15,17,18,19,20,21,22,23,24,25,26,27,28,29,30,31,32,33,34,40,41,42,43,44,45,46,47,48,49,50,55,56,57,58,59,60,61,62,63,64,65,1,9,10,11,7,6,8,2,4,5',1491635035,1491635035,'normal'),(3,2,'Third group','1,4,9,10,11,13,14,15,16,17,40,41,42,43,44,45,46,47,48,49,50,55,56,57,58,59,60,61,62,63,64,65,5',1491635035,1491635035,'normal'),(4,1,'Second group 2','1,4,13,14,15,16,17,55,56,57,58,59,60,61,62,63,64,65',1491635035,1491635035,'normal'),(5,2,'Third group 2','1,2,6,7,8,13,14,15,16,17,18,19,20,21,22,23,24,25,26,27,28,29,30,31,32,33,34',1491635035,1491635035,'normal');
/*!40000 ALTER TABLE `fa_auth_group` ENABLE KEYS */;
UNLOCK TABLES;

--
-- Table structure for table `fa_auth_group_access`
--

DROP TABLE IF EXISTS `fa_auth_group_access`;
/*!40101 SET @saved_cs_client     = @@character_set_client */;
/*!40101 SET character_set_client = utf8 */;
CREATE TABLE `fa_auth_group_access` (
  `uid` int(10) unsigned NOT NULL COMMENT '会员ID',
  `group_id` int(10) unsigned NOT NULL COMMENT '级别ID',
  UNIQUE KEY `uid_group_id` (`uid`,`group_id`) USING BTREE,
  KEY `uid` (`uid`) USING BTREE,
  KEY `group_id` (`group_id`) USING BTREE
) ENGINE=InnoDB DEFAULT CHARSET=utf8mb4 ROW_FORMAT=DYNAMIC COMMENT='权限分组表';
/*!40101 SET character_set_client = @saved_cs_client */;

--
-- Dumping data for table `fa_auth_group_access`
--

LOCK TABLES `fa_auth_group_access` WRITE;
/*!40000 ALTER TABLE `fa_auth_group_access` DISABLE KEYS */;
INSERT INTO `fa_auth_group_access` VALUES (1,1);
/*!40000 ALTER TABLE `fa_auth_group_access` ENABLE KEYS */;
UNLOCK TABLES;

--
-- Table structure for table `fa_auth_rule`
--

DROP TABLE IF EXISTS `fa_auth_rule`;
/*!40101 SET @saved_cs_client     = @@character_set_client */;
/*!40101 SET character_set_client = utf8 */;
CREATE TABLE `fa_auth_rule` (
  `id` int(10) unsigned NOT NULL AUTO_INCREMENT,
  `type` enum('menu','file') NOT NULL DEFAULT 'file' COMMENT 'menu为菜单,file为权限节点',
  `pid` int(10) unsigned NOT NULL DEFAULT '0' COMMENT '父ID',
  `name` varchar(100) DEFAULT '' COMMENT '规则名称',
  `title` varchar(50) DEFAULT '' COMMENT '规则名称',
  `icon` varchar(50) DEFAULT '' COMMENT '图标',
  `url` varchar(255) DEFAULT '' COMMENT '规则URL',
  `condition` varchar(255) DEFAULT '' COMMENT '条件',
  `remark` varchar(255) DEFAULT '' COMMENT '备注',
  `ismenu` tinyint(1) unsigned NOT NULL DEFAULT '0' COMMENT '是否为菜单',
  `menutype` enum('addtabs','blank','dialog','ajax') DEFAULT NULL COMMENT '菜单类型',
  `extend` varchar(255) DEFAULT '' COMMENT '扩展属性',
  `py` varchar(30) DEFAULT '' COMMENT '拼音首字母',
  `pinyin` varchar(100) DEFAULT '' COMMENT '拼音',
  `createtime` bigint(16) DEFAULT NULL COMMENT '创建时间',
  `updatetime` bigint(16) DEFAULT NULL COMMENT '更新时间',
  `weigh` int(10) NOT NULL DEFAULT '0' COMMENT '权重',
  `status` varchar(30) DEFAULT '' COMMENT '状态',
  PRIMARY KEY (`id`) USING BTREE,
  UNIQUE KEY `name` (`name`) USING BTREE,
  KEY `pid` (`pid`) USING BTREE,
  KEY `weigh` (`weigh`) USING BTREE
) ENGINE=InnoDB AUTO_INCREMENT=99 DEFAULT CHARSET=utf8mb4 ROW_FORMAT=DYNAMIC COMMENT='节点表';
/*!40101 SET character_set_client = @saved_cs_client */;

--
-- Dumping data for table `fa_auth_rule`
--

LOCK TABLES `fa_auth_rule` WRITE;
/*!40000 ALTER TABLE `fa_auth_rule` DISABLE KEYS */;
INSERT INTO `fa_auth_rule` VALUES (1,'file',0,'dashboard','Dashboard','fa fa-dashboard','','','Dashboard tips',1,NULL,'','kzt','kongzhitai',1491635035,1491635035,143,'normal'),(2,'file',0,'general','General','fa fa-cogs','','','',1,NULL,'','cggl','changguiguanli',1491635035,1491635035,137,'normal'),(3,'file',0,'category','Category','fa fa-leaf','','','Category tips',0,NULL,'','flgl','fenleiguanli',1491635035,1491635035,119,'normal'),(4,'file',0,'addon','Addon','fa fa-rocket','','','Addon tips',1,NULL,'','cjgl','chajianguanli',1491635035,1491635035,0,'normal'),(5,'file',0,'auth','Auth','fa fa-group','','','',1,NULL,'','qxgl','quanxianguanli',1491635035,1491635035,99,'normal'),(6,'file',2,'general/config','Config','fa fa-cog','','','Config tips',1,NULL,'','xtpz','xitongpeizhi',1491635035,1491635035,60,'normal'),(7,'file',2,'general/attachment','Attachment','fa fa-file-image-o','','','Attachment tips',1,NULL,'','fjgl','fujianguanli',1491635035,1491635035,53,'normal'),(8,'file',2,'general/profile','Profile','fa fa-user','','','',1,NULL,'','grzl','gerenziliao',1491635035,1491635035,34,'normal'),(9,'file',5,'auth/admin','Admin','fa fa-user','','','Admin tips',1,NULL,'','glygl','guanliyuanguanli',1491635035,1491635035,118,'normal'),(10,'file',5,'auth/adminlog','Admin log','fa fa-list-alt','','','Admin log tips',1,NULL,'','glyrz','guanliyuanrizhi',1491635035,1491635035,113,'normal'),(11,'file',5,'auth/group','Group','fa fa-group','','','Group tips',1,NULL,'','jsz','juesezu',1491635035,1491635035,109,'normal'),(12,'file',5,'auth/rule','Rule','fa fa-bars','','','Rule tips',1,NULL,'','cdgz','caidanguize',1491635035,1491635035,104,'normal'),(13,'file',1,'dashboard/index','View','fa fa-circle-o','','','',0,NULL,'','','',1491635035,1491635035,136,'normal'),(14,'file',1,'dashboard/add','Add','fa fa-circle-o','','','',0,NULL,'','','',1491635035,1491635035,135,'normal'),(15,'file',1,'dashboard/del','Delete','fa fa-circle-o','','','',0,NULL,'','','',1491635035,1491635035,133,'normal'),(16,'file',1,'dashboard/edit','Edit','fa fa-circle-o','','','',0,NULL,'','','',1491635035,1491635035,134,'normal'),(17,'file',1,'dashboard/multi','Multi','fa fa-circle-o','','','',0,NULL,'','','',1491635035,1491635035,132,'normal'),(18,'file',6,'general/config/index','View','fa fa-circle-o','','','',0,NULL,'','','',1491635035,1491635035,52,'normal'),(19,'file',6,'general/config/add','Add','fa fa-circle-o','','','',0,NULL,'','','',1491635035,1491635035,51,'normal'),(20,'file',6,'general/config/edit','Edit','fa fa-circle-o','','','',0,NULL,'','','',1491635035,1491635035,50,'normal'),(21,'file',6,'general/config/del','Delete','fa fa-circle-o','','','',0,NULL,'','','',1491635035,1491635035,49,'normal'),(22,'file',6,'general/config/multi','Multi','fa fa-circle-o','','','',0,NULL,'','','',1491635035,1491635035,48,'normal'),(23,'file',7,'general/attachment/index','View','fa fa-circle-o','','','Attachment tips',0,NULL,'','','',1491635035,1491635035,59,'normal'),(24,'file',7,'general/attachment/select','Select attachment','fa fa-circle-o','','','',0,NULL,'','','',1491635035,1491635035,58,'normal'),(25,'file',7,'general/attachment/add','Add','fa fa-circle-o','','','',0,NULL,'','','',1491635035,1491635035,57,'normal'),(26,'file',7,'general/attachment/edit','Edit','fa fa-circle-o','','','',0,NULL,'','','',1491635035,1491635035,56,'normal'),(27,'file',7,'general/attachment/del','Delete','fa fa-circle-o','','','',0,NULL,'','','',1491635035,1491635035,55,'normal'),(28,'file',7,'general/attachment/multi','Multi','fa fa-circle-o','','','',0,NULL,'','','',1491635035,1491635035,54,'normal'),(29,'file',8,'general/profile/index','View','fa fa-circle-o','','','',0,NULL,'','','',1491635035,1491635035,33,'normal'),(30,'file',8,'general/profile/update','Update profile','fa fa-circle-o','','','',0,NULL,'','','',1491635035,1491635035,32,'normal'),(31,'file',8,'general/profile/add','Add','fa fa-circle-o','','','',0,NULL,'','','',1491635035,1491635035,31,'normal'),(32,'file',8,'general/profile/edit','Edit','fa fa-circle-o','','','',0,NULL,'','','',1491635035,1491635035,30,'normal'),(33,'file',8,'general/profile/del','Delete','fa fa-circle-o','','','',0,NULL,'','','',1491635035,1491635035,29,'normal'),(34,'file',8,'general/profile/multi','Multi','fa fa-circle-o','','','',0,NULL,'','','',1491635035,1491635035,28,'normal'),(35,'file',3,'category/index','View','fa fa-circle-o','','','Category tips',0,NULL,'','','',1491635035,1491635035,142,'normal'),(36,'file',3,'category/add','Add','fa fa-circle-o','','','',0,NULL,'','','',1491635035,1491635035,141,'normal'),(37,'file',3,'category/edit','Edit','fa fa-circle-o','','','',0,NULL,'','','',1491635035,1491635035,140,'normal'),(38,'file',3,'category/del','Delete','fa fa-circle-o','','','',0,NULL,'','','',1491635035,1491635035,139,'normal'),(39,'file',3,'category/multi','Multi','fa fa-circle-o','','','',0,NULL,'','','',1491635035,1491635035,138,'normal'),(40,'file',9,'auth/admin/index','View','fa fa-circle-o','','','Admin tips',0,NULL,'','','',1491635035,1491635035,117,'normal'),(41,'file',9,'auth/admin/add','Add','fa fa-circle-o','','','',0,NULL,'','','',1491635035,1491635035,116,'normal'),(42,'file',9,'auth/admin/edit','Edit','fa fa-circle-o','','','',0,NULL,'','','',1491635035,1491635035,115,'normal'),(43,'file',9,'auth/admin/del','Delete','fa fa-circle-o','','','',0,NULL,'','','',1491635035,1491635035,114,'normal'),(44,'file',10,'auth/adminlog/index','View','fa fa-circle-o','','','Admin log tips',0,NULL,'','','',1491635035,1491635035,112,'normal'),(45,'file',10,'auth/adminlog/detail','Detail','fa fa-circle-o','','','',0,NULL,'','','',1491635035,1491635035,111,'normal'),(46,'file',10,'auth/adminlog/del','Delete','fa fa-circle-o','','','',0,NULL,'','','',1491635035,1491635035,110,'normal'),(47,'file',11,'auth/group/index','View','fa fa-circle-o','','','Group tips',0,NULL,'','','',1491635035,1491635035,108,'normal'),(48,'file',11,'auth/group/add','Add','fa fa-circle-o','','','',0,NULL,'','','',1491635035,1491635035,107,'normal'),(49,'file',11,'auth/group/edit','Edit','fa fa-circle-o','','','',0,NULL,'','','',1491635035,1491635035,106,'normal'),(50,'file',11,'auth/group/del','Delete','fa fa-circle-o','','','',0,NULL,'','','',1491635035,1491635035,105,'normal'),(51,'file',12,'auth/rule/index','View','fa fa-circle-o','','','Rule tips',0,NULL,'','','',1491635035,1491635035,103,'normal'),(52,'file',12,'auth/rule/add','Add','fa fa-circle-o','','','',0,NULL,'','','',1491635035,1491635035,102,'normal'),(53,'file',12,'auth/rule/edit','Edit','fa fa-circle-o','','','',0,NULL,'','','',1491635035,1491635035,101,'normal'),(54,'file',12,'auth/rule/del','Delete','fa fa-circle-o','','','',0,NULL,'','','',1491635035,1491635035,100,'normal'),(55,'file',4,'addon/index','View','fa fa-circle-o','','','Addon tips',0,NULL,'','','',1491635035,1491635035,0,'normal'),(56,'file',4,'addon/add','Add','fa fa-circle-o','','','',0,NULL,'','','',1491635035,1491635035,0,'normal'),(57,'file',4,'addon/edit','Edit','fa fa-circle-o','','','',0,NULL,'','','',1491635035,1491635035,0,'normal'),(58,'file',4,'addon/del','Delete','fa fa-circle-o','','','',0,NULL,'','','',1491635035,1491635035,0,'normal'),(59,'file',4,'addon/downloaded','Local addon','fa fa-circle-o','','','',0,NULL,'','','',1491635035,1491635035,0,'normal'),(60,'file',4,'addon/state','Update state','fa fa-circle-o','','','',0,NULL,'','','',1491635035,1491635035,0,'normal'),(63,'file',4,'addon/config','Setting','fa fa-circle-o','','','',0,NULL,'','','',1491635035,1491635035,0,'normal'),(64,'file',4,'addon/refresh','Refresh','fa fa-circle-o','','','',0,NULL,'','','',1491635035,1491635035,0,'normal'),(65,'file',4,'addon/multi','Multi','fa fa-circle-o','','','',0,NULL,'','','',1491635035,1491635035,0,'normal'),(66,'file',0,'user','User','fa fa-user-circle','','','',1,NULL,'','hygl','huiyuanguanli',1491635035,1491635035,0,'normal'),(67,'file',66,'user/user','User','fa fa-user','','','',1,NULL,'','hygl','huiyuanguanli',1491635035,1491635035,0,'normal'),(68,'file',67,'user/user/index','View','fa fa-circle-o','','','',0,NULL,'','','',1491635035,1491635035,0,'normal'),(69,'file',67,'user/user/edit','Edit','fa fa-circle-o','','','',0,NULL,'','','',1491635035,1491635035,0,'normal'),(70,'file',67,'user/user/add','Add','fa fa-circle-o','','','',0,NULL,'','','',1491635035,1491635035,0,'normal'),(71,'file',67,'user/user/del','Del','fa fa-circle-o','','','',0,NULL,'','','',1491635035,1491635035,0,'normal'),(72,'file',67,'user/user/multi','Multi','fa fa-circle-o','','','',0,NULL,'','','',1491635035,1491635035,0,'normal'),(73,'file',66,'user/group','User group','fa fa-users','','','',1,NULL,'','hyfz','huiyuanfenzu',1491635035,1491635035,0,'normal'),(74,'file',73,'user/group/add','Add','fa fa-circle-o','','','',0,NULL,'','','',1491635035,1491635035,0,'normal'),(75,'file',73,'user/group/edit','Edit','fa fa-circle-o','','','',0,NULL,'','','',1491635035,1491635035,0,'normal'),(76,'file',73,'user/group/index','View','fa fa-circle-o','','','',0,NULL,'','','',1491635035,1491635035,0,'normal'),(77,'file',73,'user/group/del','Del','fa fa-circle-o','','','',0,NULL,'','','',1491635035,1491635035,0,'normal'),(78,'file',73,'user/group/multi','Multi','fa fa-circle-o','','','',0,NULL,'','','',1491635035,1491635035,0,'normal'),(79,'file',66,'user/rule','User rule','fa fa-circle-o','','','',1,NULL,'','hygz','huiyuanguize',1491635035,1491635035,0,'normal'),(80,'file',79,'user/rule/index','View','fa fa-circle-o','','','',0,NULL,'','','',1491635035,1491635035,0,'normal'),(81,'file',79,'user/rule/del','Del','fa fa-circle-o','','','',0,NULL,'','','',1491635035,1491635035,0,'normal'),(82,'file',79,'user/rule/add','Add','fa fa-circle-o','','','',0,NULL,'','','',1491635035,1491635035,0,'normal'),(83,'file',79,'user/rule/edit','Edit','fa fa-circle-o','','','',0,NULL,'','','',1491635035,1491635035,0,'normal'),(84,'file',79,'user/rule/multi','Multi','fa fa-circle-o','','','',0,NULL,'','','',1491635035,1491635035,0,'normal'),(85,'file',0,'command','在线命令管理','fa fa-terminal','','','',1,NULL,'','zxmlgl','zaixianminglingguanli',1700117073,1700117073,0,'normal'),(86,'file',85,'command/index','查看','fa fa-circle-o','','','',0,NULL,'','zk','zhakan',1700117073,1700117073,0,'normal'),(87,'file',85,'command/add','添加','fa fa-circle-o','','','',0,NULL,'','tj','tianjia',1700117073,1700117073,0,'normal'),(88,'file',85,'command/detail','详情','fa fa-circle-o','','','',0,NULL,'','xq','xiangqing',1700117073,1700117073,0,'normal'),(89,'file',85,'command/command','生成并执行命令','fa fa-circle-o','','','',0,NULL,'','scbzxml','shengchengbingzhixingmingling',1700117073,1700117073,0,'normal'),(90,'file',85,'command/execute','再次执行命令','fa fa-circle-o','','','',0,NULL,'','zczxml','zaicizhixingmingling',1700117073,1700117073,0,'normal'),(91,'file',85,'command/del','删除','fa fa-circle-o','','','',0,NULL,'','sc','shanchu',1700117073,1700117073,0,'normal'),(92,'file',85,'command/multi','批量更新','fa fa-circle-o','','','',0,NULL,'','plgx','pilianggengxin',1700117073,1700117073,0,'normal'),(93,'file',66,'user/image','Image','fa fa-circle-o','','','',1,NULL,'','I','Image',1700117095,1700117095,0,'normal'),(94,'file',93,'user/image/index','查看','fa fa-circle-o','','','',0,NULL,'','zk','zhakan',1700117095,1700117095,0,'normal'),(95,'file',93,'user/image/add','添加','fa fa-circle-o','','','',0,NULL,'','tj','tianjia',1700117095,1700117095,0,'normal'),(96,'file',93,'user/image/edit','编辑','fa fa-circle-o','','','',0,NULL,'','bj','bianji',1700117095,1700117095,0,'normal'),(97,'file',93,'user/image/del','删除','fa fa-circle-o','','','',0,NULL,'','sc','shanchu',1700117095,1700117095,0,'normal'),(98,'file',93,'user/image/multi','批量更新','fa fa-circle-o','','','',0,NULL,'','plgx','pilianggengxin',1700117095,1700117095,0,'normal');
/*!40000 ALTER TABLE `fa_auth_rule` ENABLE KEYS */;
UNLOCK TABLES;

--
-- Table structure for table `fa_category`
--

DROP TABLE IF EXISTS `fa_category`;
/*!40101 SET @saved_cs_client     = @@character_set_client */;
/*!40101 SET character_set_client = utf8 */;
CREATE TABLE `fa_category` (
  `id` int(10) unsigned NOT NULL AUTO_INCREMENT,
  `pid` int(10) unsigned NOT NULL DEFAULT '0' COMMENT '父ID',
  `type` varchar(30) DEFAULT '' COMMENT '栏目类型',
  `name` varchar(30) DEFAULT '',
  `nickname` varchar(50) DEFAULT '',
  `flag` set('hot','index','recommend') DEFAULT '',
  `image` varchar(100) DEFAULT '' COMMENT '图片',
  `keywords` varchar(255) DEFAULT '' COMMENT '关键字',
  `description` varchar(255) DEFAULT '' COMMENT '描述',
  `diyname` varchar(30) DEFAULT '' COMMENT '自定义名称',
  `createtime` bigint(16) DEFAULT NULL COMMENT '创建时间',
  `updatetime` bigint(16) DEFAULT NULL COMMENT '更新时间',
  `weigh` int(10) NOT NULL DEFAULT '0' COMMENT '权重',
  `status` varchar(30) DEFAULT '' COMMENT '状态',
  PRIMARY KEY (`id`) USING BTREE,
  KEY `weigh` (`weigh`,`id`) USING BTREE,
  KEY `pid` (`pid`) USING BTREE
) ENGINE=InnoDB AUTO_INCREMENT=14 DEFAULT CHARSET=utf8mb4 ROW_FORMAT=DYNAMIC COMMENT='分类表';
/*!40101 SET character_set_client = @saved_cs_client */;

--
-- Dumping data for table `fa_category`
--

LOCK TABLES `fa_category` WRITE;
/*!40000 ALTER TABLE `fa_category` DISABLE KEYS */;
INSERT INTO `fa_category` VALUES (1,0,'page','官方新闻','news','recommend','/assets/img/qrcode.png','','','news',1491635035,1491635035,1,'normal'),(2,0,'page','移动应用','mobileapp','hot','/assets/img/qrcode.png','','','mobileapp',1491635035,1491635035,2,'normal'),(3,2,'page','微信公众号','wechatpublic','index','/assets/img/qrcode.png','','','wechatpublic',1491635035,1491635035,3,'normal'),(4,2,'page','Android开发','android','recommend','/assets/img/qrcode.png','','','android',1491635035,1491635035,4,'normal'),(5,0,'page','软件产品','software','recommend','/assets/img/qrcode.png','','','software',1491635035,1491635035,5,'normal'),(6,5,'page','网站建站','website','recommend','/assets/img/qrcode.png','','','website',1491635035,1491635035,6,'normal'),(7,5,'page','企业管理软件','company','index','/assets/img/qrcode.png','','','company',1491635035,1491635035,7,'normal'),(8,6,'page','PC端','website-pc','recommend','/assets/img/qrcode.png','','','website-pc',1491635035,1491635035,8,'normal'),(9,6,'page','移动端','website-mobile','recommend','/assets/img/qrcode.png','','','website-mobile',1491635035,1491635035,9,'normal'),(10,7,'page','CRM系统 ','company-crm','recommend','/assets/img/qrcode.png','','','company-crm',1491635035,1491635035,10,'normal'),(11,7,'page','SASS平台软件','company-sass','recommend','/assets/img/qrcode.png','','','company-sass',1491635035,1491635035,11,'normal'),(12,0,'test','测试1','test1','recommend','/assets/img/qrcode.png','','','test1',1491635035,1491635035,12,'normal'),(13,0,'test','测试2','test2','recommend','/assets/img/qrcode.png','','','test2',1491635035,1491635035,13,'normal');
/*!40000 ALTER TABLE `fa_category` ENABLE KEYS */;
UNLOCK TABLES;

--
-- Table structure for table `fa_command`
--

DROP TABLE IF EXISTS `fa_command`;
/*!40101 SET @saved_cs_client     = @@character_set_client */;
/*!40101 SET character_set_client = utf8 */;
CREATE TABLE `fa_command` (
  `id` int(10) unsigned NOT NULL AUTO_INCREMENT COMMENT 'ID',
  `type` varchar(30) NOT NULL DEFAULT '' COMMENT '类型',
  `params` varchar(1500) NOT NULL DEFAULT '' COMMENT '参数',
  `command` varchar(1500) NOT NULL DEFAULT '' COMMENT '命令',
  `content` text COMMENT '返回结果',
  `executetime` bigint(16) unsigned DEFAULT NULL COMMENT '执行时间',
  `createtime` bigint(16) unsigned DEFAULT NULL COMMENT '创建时间',
  `updatetime` bigint(16) unsigned DEFAULT NULL COMMENT '更新时间',
  `status` enum('successed','failured') NOT NULL DEFAULT 'failured' COMMENT '状态',
  PRIMARY KEY (`id`) USING BTREE
) ENGINE=InnoDB AUTO_INCREMENT=3 DEFAULT CHARSET=utf8 COMMENT='在线命令表';
/*!40101 SET character_set_client = @saved_cs_client */;

--
-- Dumping data for table `fa_command`
--

LOCK TABLES `fa_command` WRITE;
/*!40000 ALTER TABLE `fa_command` DISABLE KEYS */;
INSERT INTO `fa_command` VALUES (1,'crud','[\"--table=fa_user_image\"]','php think crud --table=fa_user_image','Build Successed',1700117081,1700117081,1700117081,'successed'),(2,'menu','[\"--controller=user\\/Image\"]','php think menu --controller=user/Image','Build Successed!',1700117095,1700117095,1700117095,'successed');
/*!40000 ALTER TABLE `fa_command` ENABLE KEYS */;
UNLOCK TABLES;

--
-- Table structure for table `fa_config`
--

DROP TABLE IF EXISTS `fa_config`;
/*!40101 SET @saved_cs_client     = @@character_set_client */;
/*!40101 SET character_set_client = utf8 */;
CREATE TABLE `fa_config` (
  `id` int(10) unsigned NOT NULL AUTO_INCREMENT,
  `name` varchar(30) DEFAULT '' COMMENT '变量名',
  `group` varchar(30) DEFAULT '' COMMENT '分组',
  `title` varchar(100) DEFAULT '' COMMENT '变量标题',
  `tip` varchar(100) DEFAULT '' COMMENT '变量描述',
  `type` varchar(30) DEFAULT '' COMMENT '类型:string,text,int,bool,array,datetime,date,file',
  `visible` varchar(255) DEFAULT '' COMMENT '可见条件',
  `value` text COMMENT '变量值',
  `content` text COMMENT '变量字典数据',
  `rule` varchar(100) DEFAULT '' COMMENT '验证规则',
  `extend` varchar(255) DEFAULT '' COMMENT '扩展属性',
  `setting` varchar(255) DEFAULT '' COMMENT '配置',
  PRIMARY KEY (`id`) USING BTREE,
  UNIQUE KEY `name` (`name`) USING BTREE
) ENGINE=InnoDB AUTO_INCREMENT=20 DEFAULT CHARSET=utf8mb4 ROW_FORMAT=DYNAMIC COMMENT='系统配置';
/*!40101 SET character_set_client = @saved_cs_client */;

--
-- Dumping data for table `fa_config`
--

LOCK TABLES `fa_config` WRITE;
/*!40000 ALTER TABLE `fa_config` DISABLE KEYS */;
INSERT INTO `fa_config` VALUES (1,'name','basic','Site name','请填写站点名称','string','','意绘','','required','',NULL),(2,'beian','basic','Beian','粤ICP备15000000号-1','string','','','','','',NULL),(3,'cdnurl','basic','Cdn url','如果全站静态资源使用第三方云储存请配置该值','string','','','','','',''),(4,'version','basic','Version','如果静态资源有变动请重新配置该值','string','','1.0.1','','required','',NULL),(5,'timezone','basic','Timezone','','string','','Asia/Shanghai','','required','',NULL),(6,'forbiddenip','basic','Forbidden ip','一行一条记录','text','','','','','',NULL),(7,'languages','basic','Languages','','array','','{\"backend\":\"zh-cn\",\"frontend\":\"zh-cn\"}','','required','',NULL),(8,'fixedpage','basic','Fixed page','请输入左侧菜单栏存在的链接','string','','dashboard','','required','',NULL),(9,'categorytype','dictionary','Category type','','array','','{\"default\":\"默认\",\"page\":\"单页\",\"article\":\"文章\",\"test\":\"Test\"}','','','',NULL),(10,'configgroup','dictionary','Config group','','array','','{\"basic\":\"基础配置\",\"email\":\"邮件配置\",\"dictionary\":\"字典配置\",\"user\":\"会员配置\",\"port\":\"端口配置\"}','','','',NULL),(11,'mail_type','email','Mail type','选择邮件发送方式','select','','1','[\"请选择\",\"SMTP\"]','','',''),(12,'mail_smtp_host','email','Mail smtp host','错误的配置发送邮件会导致服务器超时','string','','smtp.qq.com','','','',''),(13,'mail_smtp_port','email','Mail smtp port','(不加密默认25,SSL默认465,TLS默认587)','string','','465','','','',''),(14,'mail_smtp_user','email','Mail smtp user','（填写完整用户名）','string','','10000','','','',''),(15,'mail_smtp_pass','email','Mail smtp password','（填写您的密码或授权码）','string','','password','','','',''),(16,'mail_verify_type','email','Mail vertify type','（SMTP验证方式[推荐SSL]）','select','','2','[\"无\",\"TLS\",\"SSL\"]','','',''),(17,'mail_from','email','Mail from','','string','','10000@qq.com','','','',''),(18,'attachmentcategory','dictionary','Attachment category','','array','','{\"category1\":\"分类一\",\"category2\":\"分类二\",\"custom\":\"自定义\"}','','','',NULL),(19,'port','port','端口','','array','','{\"port1\":\"http://192.168.1.7:7860\"}','{\"value1\":\"title1\",\"value2\":\"title2\"}','','','{\"table\":\"\",\"conditions\":\"\",\"key\":\"\",\"value\":\"\"}');
/*!40000 ALTER TABLE `fa_config` ENABLE KEYS */;
UNLOCK TABLES;

--
-- Table structure for table `fa_ems`
--

DROP TABLE IF EXISTS `fa_ems`;
/*!40101 SET @saved_cs_client     = @@character_set_client */;
/*!40101 SET character_set_client = utf8 */;
CREATE TABLE `fa_ems` (
  `id` int(10) unsigned NOT NULL AUTO_INCREMENT COMMENT 'ID',
  `event` varchar(30) DEFAULT '' COMMENT '事件',
  `email` varchar(100) DEFAULT '' COMMENT '邮箱',
  `code` varchar(10) DEFAULT '' COMMENT '验证码',
  `times` int(10) unsigned NOT NULL DEFAULT '0' COMMENT '验证次数',
  `ip` varchar(30) DEFAULT '' COMMENT 'IP',
  `createtime` bigint(16) DEFAULT NULL COMMENT '创建时间',
  PRIMARY KEY (`id`) USING BTREE
) ENGINE=InnoDB DEFAULT CHARSET=utf8mb4 ROW_FORMAT=DYNAMIC COMMENT='邮箱验证码表';
/*!40101 SET character_set_client = @saved_cs_client */;

--
-- Dumping data for table `fa_ems`
--

LOCK TABLES `fa_ems` WRITE;
/*!40000 ALTER TABLE `fa_ems` DISABLE KEYS */;
/*!40000 ALTER TABLE `fa_ems` ENABLE KEYS */;
UNLOCK TABLES;

--
-- Table structure for table `fa_sms`
--

DROP TABLE IF EXISTS `fa_sms`;
/*!40101 SET @saved_cs_client     = @@character_set_client */;
/*!40101 SET character_set_client = utf8 */;
CREATE TABLE `fa_sms` (
  `id` int(10) unsigned NOT NULL AUTO_INCREMENT COMMENT 'ID',
  `event` varchar(30) DEFAULT '' COMMENT '事件',
  `mobile` varchar(20) DEFAULT '' COMMENT '手机号',
  `code` varchar(10) DEFAULT '' COMMENT '验证码',
  `times` int(10) unsigned NOT NULL DEFAULT '0' COMMENT '验证次数',
  `ip` varchar(30) DEFAULT '' COMMENT 'IP',
  `createtime` bigint(16) unsigned DEFAULT '0' COMMENT '创建时间',
  PRIMARY KEY (`id`) USING BTREE
) ENGINE=InnoDB DEFAULT CHARSET=utf8mb4 ROW_FORMAT=DYNAMIC COMMENT='短信验证码表';
/*!40101 SET character_set_client = @saved_cs_client */;

--
-- Dumping data for table `fa_sms`
--

LOCK TABLES `fa_sms` WRITE;
/*!40000 ALTER TABLE `fa_sms` DISABLE KEYS */;
/*!40000 ALTER TABLE `fa_sms` ENABLE KEYS */;
UNLOCK TABLES;

--
-- Table structure for table `fa_test`
--

DROP TABLE IF EXISTS `fa_test`;
/*!40101 SET @saved_cs_client     = @@character_set_client */;
/*!40101 SET character_set_client = utf8 */;
CREATE TABLE `fa_test` (
  `id` int(10) unsigned NOT NULL AUTO_INCREMENT COMMENT 'ID',
  `user_id` int(10) DEFAULT '0' COMMENT '会员ID',
  `admin_id` int(10) DEFAULT '0' COMMENT '管理员ID',
  `category_id` int(10) unsigned DEFAULT '0' COMMENT '分类ID(单选)',
  `category_ids` varchar(100) DEFAULT NULL COMMENT '分类ID(多选)',
  `tags` varchar(255) DEFAULT '' COMMENT '标签',
  `week` enum('monday','tuesday','wednesday') DEFAULT NULL COMMENT '星期(单选):monday=星期一,tuesday=星期二,wednesday=星期三',
  `flag` set('hot','index','recommend') DEFAULT '' COMMENT '标志(多选):hot=热门,index=首页,recommend=推荐',
  `genderdata` enum('male','female') DEFAULT 'male' COMMENT '性别(单选):male=男,female=女',
  `hobbydata` set('music','reading','swimming') DEFAULT NULL COMMENT '爱好(多选):music=音乐,reading=读书,swimming=游泳',
  `title` varchar(100) DEFAULT '' COMMENT '标题',
  `content` text COMMENT '内容',
  `image` varchar(100) DEFAULT '' COMMENT '图片',
  `images` varchar(1500) DEFAULT '' COMMENT '图片组',
  `attachfile` varchar(100) DEFAULT '' COMMENT '附件',
  `keywords` varchar(255) DEFAULT '' COMMENT '关键字',
  `description` varchar(255) DEFAULT '' COMMENT '描述',
  `city` varchar(100) DEFAULT '' COMMENT '省市',
  `json` varchar(255) DEFAULT NULL COMMENT '配置:key=名称,value=值',
  `multiplejson` varchar(1500) DEFAULT '' COMMENT '二维数组:title=标题,intro=介绍,author=作者,age=年龄',
  `price` decimal(10,2) unsigned DEFAULT '0.00' COMMENT '价格',
  `views` int(10) unsigned DEFAULT '0' COMMENT '点击',
  `workrange` varchar(100) DEFAULT '' COMMENT '时间区间',
  `startdate` date DEFAULT NULL COMMENT '开始日期',
  `activitytime` datetime DEFAULT NULL COMMENT '活动时间(datetime)',
  `year` year(4) DEFAULT NULL COMMENT '年',
  `times` time DEFAULT NULL COMMENT '时间',
  `refreshtime` bigint(16) DEFAULT NULL COMMENT '刷新时间',
  `createtime` bigint(16) DEFAULT NULL COMMENT '创建时间',
  `updatetime` bigint(16) DEFAULT NULL COMMENT '更新时间',
  `deletetime` bigint(16) DEFAULT NULL COMMENT '删除时间',
  `weigh` int(10) DEFAULT '0' COMMENT '权重',
  `switch` tinyint(1) DEFAULT '0' COMMENT '开关',
  `status` enum('normal','hidden') DEFAULT 'normal' COMMENT '状态',
  `state` enum('0','1','2') DEFAULT '1' COMMENT '状态值:0=禁用,1=正常,2=推荐',
  PRIMARY KEY (`id`) USING BTREE
) ENGINE=InnoDB AUTO_INCREMENT=2 DEFAULT CHARSET=utf8mb4 ROW_FORMAT=DYNAMIC COMMENT='测试表';
/*!40101 SET character_set_client = @saved_cs_client */;

--
-- Dumping data for table `fa_test`
--

LOCK TABLES `fa_test` WRITE;
/*!40000 ALTER TABLE `fa_test` DISABLE KEYS */;
INSERT INTO `fa_test` VALUES (1,1,1,12,'12,13','互联网,计算机','monday','hot,index','male','music,reading','我是一篇测试文章','<p>我是测试内容</p>','/assets/img/avatar.png','/assets/img/avatar.png,/assets/img/qrcode.png','/assets/img/avatar.png','关键字','我是一篇测试文章描述，内容过多时将自动隐藏','广西壮族自治区/百色市/平果县','{\"a\":\"1\",\"b\":\"2\"}','[{\"title\":\"标题一\",\"intro\":\"介绍一\",\"author\":\"小明\",\"age\":\"21\"}]',0.00,0,'2020-10-01 00:00:00 - 2021-10-31 23:59:59','2017-07-10','2017-07-10 18:24:45',2017,'18:24:45',1491635035,1491635035,1491635035,NULL,0,1,'normal','1');
/*!40000 ALTER TABLE `fa_test` ENABLE KEYS */;
UNLOCK TABLES;

--
-- Table structure for table `fa_user`
--

DROP TABLE IF EXISTS `fa_user`;
/*!40101 SET @saved_cs_client     = @@character_set_client */;
/*!40101 SET character_set_client = utf8 */;
CREATE TABLE `fa_user` (
  `id` int(10) unsigned NOT NULL AUTO_INCREMENT COMMENT 'ID',
  `group_id` int(10) unsigned NOT NULL DEFAULT '0' COMMENT '组别ID',
  `username` varchar(32) DEFAULT '' COMMENT '用户名',
  `nickname` varchar(50) DEFAULT '' COMMENT '昵称',
  `password` varchar(32) DEFAULT '' COMMENT '密码',
  `salt` varchar(30) DEFAULT '' COMMENT '密码盐',
  `email` varchar(100) DEFAULT '' COMMENT '电子邮箱',
  `mobile` varchar(11) DEFAULT '' COMMENT '手机号',
  `avatar` varchar(255) DEFAULT '' COMMENT '头像',
  `level` tinyint(1) unsigned NOT NULL DEFAULT '0' COMMENT '等级',
  `gender` tinyint(1) unsigned NOT NULL DEFAULT '0' COMMENT '性别',
  `birthday` date DEFAULT NULL COMMENT '生日',
  `bio` varchar(100) DEFAULT '' COMMENT '格言',
  `money` decimal(10,2) NOT NULL DEFAULT '0.00' COMMENT '余额',
  `score` int(10) NOT NULL DEFAULT '0' COMMENT '积分',
  `successions` int(10) unsigned NOT NULL DEFAULT '1' COMMENT '连续登录天数',
  `maxsuccessions` int(10) unsigned NOT NULL DEFAULT '1' COMMENT '最大连续登录天数',
  `prevtime` bigint(16) DEFAULT NULL COMMENT '上次登录时间',
  `logintime` bigint(16) DEFAULT NULL COMMENT '登录时间',
  `loginip` varchar(50) DEFAULT '' COMMENT '登录IP',
  `loginfailure` tinyint(1) unsigned NOT NULL DEFAULT '0' COMMENT '失败次数',
  `joinip` varchar(50) DEFAULT '' COMMENT '加入IP',
  `jointime` bigint(16) DEFAULT NULL COMMENT '加入时间',
  `createtime` bigint(16) DEFAULT NULL COMMENT '创建时间',
  `updatetime` bigint(16) DEFAULT NULL COMMENT '更新时间',
  `token` varchar(50) DEFAULT '' COMMENT 'Token',
  `status` varchar(30) DEFAULT '' COMMENT '状态',
  `verification` varchar(255) DEFAULT '' COMMENT '验证',
  PRIMARY KEY (`id`) USING BTREE,
  KEY `username` (`username`) USING BTREE,
  KEY `email` (`email`) USING BTREE,
  KEY `mobile` (`mobile`) USING BTREE
) ENGINE=InnoDB AUTO_INCREMENT=6 DEFAULT CHARSET=utf8mb4 ROW_FORMAT=DYNAMIC COMMENT='会员表';
/*!40101 SET character_set_client = @saved_cs_client */;

--
-- Dumping data for table `fa_user`
--

LOCK TABLES `fa_user` WRITE;
/*!40000 ALTER TABLE `fa_user` DISABLE KEYS */;
INSERT INTO `fa_user` VALUES (1,1,'admin','admin','39c9bc15642e89c261adafac12f9d4e4','zHRaTM','admin@163.com','13888888888','/uploads/20231110/3f8386e11152a6fe1abbb865bb984106.png',0,0,'2017-04-08','',0.00,0,1,1,1701240460,1701241138,'192.168.1.7',0,'127.0.0.1',1491635035,0,1701241138,'','normal',''),(2,0,'123456','123456','883386d216973d9da17741fd21193e36','ixSMoJ','858438539@qq.com','13899999999','',1,0,NULL,'',0.00,0,1,1,1699602356,1699767809,'192.168.1.7',0,'192.168.1.7',1699599254,1699599254,1699767809,'','normal',''),(3,0,'10001','10001','58e851594789e0e4a4079130dfead721','IwZhQK','123131@qq.com','13788888888','',1,0,NULL,'',0.00,0,2,2,1700111024,1700213084,'192.168.1.7',0,'192.168.1.7',1699601180,1699601180,1700213084,'','normal',''),(4,0,'10002','10002','c62188ad1e4ef04f8b07086a27ddef4e','xQMIyk','1231310@qq.com','13588888888','',1,0,NULL,'',0.00,0,1,1,1699767882,1700111059,'192.168.1.7',0,'192.168.1.7',1699603192,1699603192,1700111059,'','normal',''),(5,0,'10003','10003','674ad3ee29b1b0df53309601c47c5161','pdUNvK','10003@qq.com','13588888881','',1,0,NULL,'',0.00,0,1,1,1699603234,1699767906,'192.168.1.7',0,'192.168.1.7',1699603234,1699603234,1699767906,'','normal','');
/*!40000 ALTER TABLE `fa_user` ENABLE KEYS */;
UNLOCK TABLES;

--
-- Table structure for table `fa_user_group`
--

DROP TABLE IF EXISTS `fa_user_group`;
/*!40101 SET @saved_cs_client     = @@character_set_client */;
/*!40101 SET character_set_client = utf8 */;
CREATE TABLE `fa_user_group` (
  `id` int(10) unsigned NOT NULL AUTO_INCREMENT,
  `name` varchar(50) DEFAULT '' COMMENT '组名',
  `rules` text COMMENT '权限节点',
  `createtime` bigint(16) DEFAULT NULL COMMENT '添加时间',
  `updatetime` bigint(16) DEFAULT NULL COMMENT '更新时间',
  `status` enum('normal','hidden') DEFAULT NULL COMMENT '状态',
  PRIMARY KEY (`id`) USING BTREE
) ENGINE=InnoDB AUTO_INCREMENT=2 DEFAULT CHARSET=utf8mb4 ROW_FORMAT=DYNAMIC COMMENT='会员组表';
/*!40101 SET character_set_client = @saved_cs_client */;

--
-- Dumping data for table `fa_user_group`
--

LOCK TABLES `fa_user_group` WRITE;
/*!40000 ALTER TABLE `fa_user_group` DISABLE KEYS */;
INSERT INTO `fa_user_group` VALUES (1,'默认组','1,2,3,4,5,6,7,8,9,10,11,12',1491635035,1491635035,'normal');
/*!40000 ALTER TABLE `fa_user_group` ENABLE KEYS */;
UNLOCK TABLES;

--
-- Table structure for table `fa_user_image`
--

DROP TABLE IF EXISTS `fa_user_image`;
/*!40101 SET @saved_cs_client     = @@character_set_client */;
/*!40101 SET character_set_client = utf8 */;
CREATE TABLE `fa_user_image` (
  `id` int(20) unsigned NOT NULL AUTO_INCREMENT COMMENT 'ID',
  `category` varchar(50) DEFAULT '' COMMENT '类别',
  `user_id` int(10) unsigned NOT NULL DEFAULT '0' COMMENT '会员ID',
  `url` varchar(255) DEFAULT '' COMMENT '物理路径',
  `imagewidth` varchar(30) DEFAULT '' COMMENT '宽度',
  `imageheight` varchar(30) DEFAULT '' COMMENT '高度',
  `imagetype` varchar(30) DEFAULT '' COMMENT '图片类型',
  `imageframes` int(10) unsigned NOT NULL DEFAULT '0' COMMENT '图片帧数',
  `filename` varchar(100) DEFAULT '' COMMENT '文件名称',
  `filesize` int(10) unsigned NOT NULL DEFAULT '0' COMMENT '文件大小',
  `mimetype` varchar(100) DEFAULT '' COMMENT 'mime类型',
  `extparam` varchar(255) DEFAULT '' COMMENT '透传数据',
  `createtime` bigint(16) DEFAULT NULL COMMENT '创建日期',
  `updatetime` bigint(16) DEFAULT NULL COMMENT '更新时间',
  `uploadtime` bigint(16) DEFAULT NULL COMMENT '上传时间',
  `storage` varchar(100) NOT NULL DEFAULT 'local' COMMENT '存储位置',
  `sha1` varchar(40) DEFAULT '' COMMENT '文件 sha1编码',
  `models` varchar(255) DEFAULT NULL COMMENT '出图模型',
  `parameters` text COMMENT '提交参数',
  `info` text COMMENT '返回信息',
  `is_public` enum('0','1') DEFAULT '0' COMMENT '是否为公开可见:0=私密,1=公开',
  `view_count` int(11) DEFAULT '0' COMMENT '查看次数',
  `download_count` int(11) DEFAULT '0' COMMENT '下载次数',
  PRIMARY KEY (`id`)
) ENGINE=InnoDB AUTO_INCREMENT=10 DEFAULT CHARSET=utf8mb4;
/*!40101 SET character_set_client = @saved_cs_client */;

--
-- Dumping data for table `fa_user_image`
--

LOCK TABLES `fa_user_image` WRITE;
/*!40000 ALTER TABLE `fa_user_image` DISABLE KEYS */;
/*!40000 ALTER TABLE `fa_user_image` ENABLE KEYS */;
UNLOCK TABLES;

--
-- Table structure for table `fa_user_money_log`
--

DROP TABLE IF EXISTS `fa_user_money_log`;
/*!40101 SET @saved_cs_client     = @@character_set_client */;
/*!40101 SET character_set_client = utf8 */;
CREATE TABLE `fa_user_money_log` (
  `id` int(10) unsigned NOT NULL AUTO_INCREMENT,
  `user_id` int(10) unsigned NOT NULL DEFAULT '0' COMMENT '会员ID',
  `money` decimal(10,2) NOT NULL DEFAULT '0.00' COMMENT '变更余额',
  `before` decimal(10,2) NOT NULL DEFAULT '0.00' COMMENT '变更前余额',
  `after` decimal(10,2) NOT NULL DEFAULT '0.00' COMMENT '变更后余额',
  `memo` varchar(255) DEFAULT '' COMMENT '备注',
  `createtime` bigint(16) DEFAULT NULL COMMENT '创建时间',
  PRIMARY KEY (`id`) USING BTREE
) ENGINE=InnoDB DEFAULT CHARSET=utf8mb4 ROW_FORMAT=DYNAMIC COMMENT='会员余额变动表';
/*!40101 SET character_set_client = @saved_cs_client */;

--
-- Dumping data for table `fa_user_money_log`
--

LOCK TABLES `fa_user_money_log` WRITE;
/*!40000 ALTER TABLE `fa_user_money_log` DISABLE KEYS */;
/*!40000 ALTER TABLE `fa_user_money_log` ENABLE KEYS */;
UNLOCK TABLES;

--
-- Table structure for table `fa_user_rule`
--

DROP TABLE IF EXISTS `fa_user_rule`;
/*!40101 SET @saved_cs_client     = @@character_set_client */;
/*!40101 SET character_set_client = utf8 */;
CREATE TABLE `fa_user_rule` (
  `id` int(10) unsigned NOT NULL AUTO_INCREMENT,
  `pid` int(10) DEFAULT NULL COMMENT '父ID',
  `name` varchar(50) DEFAULT NULL COMMENT '名称',
  `title` varchar(50) DEFAULT '' COMMENT '标题',
  `remark` varchar(100) DEFAULT NULL COMMENT '备注',
  `ismenu` tinyint(1) DEFAULT NULL COMMENT '是否菜单',
  `createtime` bigint(16) DEFAULT NULL COMMENT '创建时间',
  `updatetime` bigint(16) DEFAULT NULL COMMENT '更新时间',
  `weigh` int(10) DEFAULT '0' COMMENT '权重',
  `status` enum('normal','hidden') DEFAULT NULL COMMENT '状态',
  PRIMARY KEY (`id`) USING BTREE
) ENGINE=InnoDB AUTO_INCREMENT=13 DEFAULT CHARSET=utf8mb4 ROW_FORMAT=DYNAMIC COMMENT='会员规则表';
/*!40101 SET character_set_client = @saved_cs_client */;

--
-- Dumping data for table `fa_user_rule`
--

LOCK TABLES `fa_user_rule` WRITE;
/*!40000 ALTER TABLE `fa_user_rule` DISABLE KEYS */;
INSERT INTO `fa_user_rule` VALUES (1,0,'index','Frontend','',1,1491635035,1491635035,1,'normal'),(2,0,'api','API Interface','',1,1491635035,1491635035,2,'normal'),(3,1,'user','User Module','',1,1491635035,1491635035,12,'normal'),(4,2,'user','User Module','',1,1491635035,1491635035,11,'normal'),(5,3,'index/user/login','Login','',0,1491635035,1491635035,5,'normal'),(6,3,'index/user/register','Register','',0,1491635035,1491635035,7,'normal'),(7,3,'index/user/index','User Center','',0,1491635035,1491635035,9,'normal'),(8,3,'index/user/profile','Profile','',0,1491635035,1491635035,4,'normal'),(9,4,'api/user/login','Login','',0,1491635035,1491635035,6,'normal'),(10,4,'api/user/register','Register','',0,1491635035,1491635035,8,'normal'),(11,4,'api/user/index','User Center','',0,1491635035,1491635035,10,'normal'),(12,4,'api/user/profile','Profile','',0,1491635035,1491635035,3,'normal');
/*!40000 ALTER TABLE `fa_user_rule` ENABLE KEYS */;
UNLOCK TABLES;

--
-- Table structure for table `fa_user_score_log`
--

DROP TABLE IF EXISTS `fa_user_score_log`;
/*!40101 SET @saved_cs_client     = @@character_set_client */;
/*!40101 SET character_set_client = utf8 */;
CREATE TABLE `fa_user_score_log` (
  `id` int(10) unsigned NOT NULL AUTO_INCREMENT,
  `user_id` int(10) unsigned NOT NULL DEFAULT '0' COMMENT '会员ID',
  `score` int(10) NOT NULL DEFAULT '0' COMMENT '变更积分',
  `before` int(10) NOT NULL DEFAULT '0' COMMENT '变更前积分',
  `after` int(10) NOT NULL DEFAULT '0' COMMENT '变更后积分',
  `memo` varchar(255) DEFAULT '' COMMENT '备注',
  `createtime` bigint(16) DEFAULT NULL COMMENT '创建时间',
  PRIMARY KEY (`id`) USING BTREE
) ENGINE=InnoDB DEFAULT CHARSET=utf8mb4 ROW_FORMAT=DYNAMIC COMMENT='会员积分变动表';
/*!40101 SET character_set_client = @saved_cs_client */;

--
-- Dumping data for table `fa_user_score_log`
--

LOCK TABLES `fa_user_score_log` WRITE;
/*!40000 ALTER TABLE `fa_user_score_log` DISABLE KEYS */;
/*!40000 ALTER TABLE `fa_user_score_log` ENABLE KEYS */;
UNLOCK TABLES;

--
-- Table structure for table `fa_user_token`
--

DROP TABLE IF EXISTS `fa_user_token`;
/*!40101 SET @saved_cs_client     = @@character_set_client */;
/*!40101 SET character_set_client = utf8 */;
CREATE TABLE `fa_user_token` (
  `token` varchar(50) NOT NULL COMMENT 'Token',
  `user_id` int(10) unsigned NOT NULL DEFAULT '0' COMMENT '会员ID',
  `createtime` bigint(16) DEFAULT NULL COMMENT '创建时间',
  `expiretime` bigint(16) DEFAULT NULL COMMENT '过期时间',
  PRIMARY KEY (`token`) USING BTREE
) ENGINE=InnoDB DEFAULT CHARSET=utf8mb4 ROW_FORMAT=DYNAMIC COMMENT='会员Token表';
/*!40101 SET character_set_client = @saved_cs_client */;

--
-- Dumping data for table `fa_user_token`
--

LOCK TABLES `fa_user_token` WRITE;
/*!40000 ALTER TABLE `fa_user_token` DISABLE KEYS */;
INSERT INTO `fa_user_token` VALUES ('070675625234132f1f497063aed9dd2626989d14',3,1699602385,1702194385),('08706e5a4c1abaf82596ab154d27bfb6a501ddd9',2,1699767809,1702359809),('14b8ce5d8f796b0f0de49d9f005a10b2a512be29',5,1699603234,1702195234),('1ade0271855c6820714bbe4709eb7949dad7278a',5,1699767906,1702359906),('3dca7e2a09012b9de0ee2534bf99669e0414c35e',4,1700111059,1702703059),('410ec0156d4815ee14586ec7ddfaf1d55c0bd424',4,1699767882,1702359882),('69a35c22c50f096ac89c67a9e7b2542d57bbd4ea',1,1700459498,1703051498),('6cb52d06961595756a9e670904e96e34fc3c908e',2,1699601087,1702193087),('9abebc2916a1ee4182536a2243118d7e5d0028bf',3,1699601180,1702193180),('9e5b2cbb0b51fe23fafde007952a2c83813e7531',1,1701241138,1703833138),('a0d09be5650f93152a9e74c2f20e5442afa44fbb',2,1699602356,1702194356),('bacd42b900c748586de4e1a46f8c3486c90f66b2',1,1699591023,1702183023),('bd959e1067bd5e926012ea6ea518757c755aa14f',2,1699599254,1702191254),('e54cd5a352b773d999feb6eacc2883ba08a3b73b',4,1699603192,1702195192),('e852cdb6bd0cc5fcb6cf652e0995a4d79c18b17e',3,1699767840,1702359840),('f85eb5241b07645d5f00a344136ea0ffdcf62edf',3,1700111024,1702703024);
/*!40000 ALTER TABLE `fa_user_token` ENABLE KEYS */;
UNLOCK TABLES;

--
-- Table structure for table `fa_version`
--

DROP TABLE IF EXISTS `fa_version`;
/*!40101 SET @saved_cs_client     = @@character_set_client */;
/*!40101 SET character_set_client = utf8 */;
CREATE TABLE `fa_version` (
  `id` int(11) NOT NULL AUTO_INCREMENT COMMENT 'ID',
  `oldversion` varchar(30) DEFAULT '' COMMENT '旧版本号',
  `newversion` varchar(30) DEFAULT '' COMMENT '新版本号',
  `packagesize` varchar(30) DEFAULT '' COMMENT '包大小',
  `content` varchar(500) DEFAULT '' COMMENT '升级内容',
  `downloadurl` varchar(255) DEFAULT '' COMMENT '下载地址',
  `enforce` tinyint(1) unsigned NOT NULL DEFAULT '0' COMMENT '强制更新',
  `createtime` bigint(16) DEFAULT NULL COMMENT '创建时间',
  `updatetime` bigint(16) DEFAULT NULL COMMENT '更新时间',
  `weigh` int(10) NOT NULL DEFAULT '0' COMMENT '权重',
  `status` varchar(30) DEFAULT '' COMMENT '状态',
  PRIMARY KEY (`id`) USING BTREE
) ENGINE=InnoDB DEFAULT CHARSET=utf8mb4 ROW_FORMAT=DYNAMIC COMMENT='版本表';
/*!40101 SET character_set_client = @saved_cs_client */;

--
-- Dumping data for table `fa_version`
--

LOCK TABLES `fa_version` WRITE;
/*!40000 ALTER TABLE `fa_version` DISABLE KEYS */;
/*!40000 ALTER TABLE `fa_version` ENABLE KEYS */;
UNLOCK TABLES;

--
-- Dumping events for database 'queue'
--

--
-- Dumping routines for database 'queue'
--
/*!40103 SET TIME_ZONE=@OLD_TIME_ZONE */;

/*!40101 SET SQL_MODE=@OLD_SQL_MODE */;
/*!40014 SET FOREIGN_KEY_CHECKS=@OLD_FOREIGN_KEY_CHECKS */;
/*!40014 SET UNIQUE_CHECKS=@OLD_UNIQUE_CHECKS */;
/*!40101 SET CHARACTER_SET_CLIENT=@OLD_CHARACTER_SET_CLIENT */;
/*!40101 SET CHARACTER_SET_RESULTS=@OLD_CHARACTER_SET_RESULTS */;
/*!40101 SET COLLATION_CONNECTION=@OLD_COLLATION_CONNECTION */;
/*!40111 SET SQL_NOTES=@OLD_SQL_NOTES */;

-- Dump completed on 2023-11-29 16:40:22
